Ref,Val,Package,PosX,PosY,Rot,Side
"C1","1uF","C_0603_1608Metric",100.578000,-88.850000,90.000000,bottom
"C2","1uF","C_0603_1608Metric",93.000000,-88.850000,90.000000,bottom
"J1","CN1 / J11","SAMTEC_TFM-140-12-L-D-A",97.140000,-102.210000,0.000000,bottom
"J2","CN2 / J12","SAMTEC_TFM-140-12-L-D-A",97.140000,-49.210000,0.000000,bottom
"U2","NX3L4053","SOP65P640X110-16N",109.400000,-90.510600,180.000000,bottom
"U3","NX3L4053","SOP65P640X110-16N",84.400000,-89.175000,0.000000,bottom
"U4","MIC5504-1.8YM5","SOT-23-5",96.789000,-90.587500,180.000000,bottom
